{"cameraMode":{"drawMode":0,"name":"Shaded","section":"Shading Mode"},"sceneLighting":true,"audioPlay":false,"sceneViewState":{"m_AlwaysRefresh":false,"showFog":true,"showSkybox":true,"showFlares":true,"showImageEffects":true,"showParticleSystems":true,"showVisualEffectGraphs":true,"m_FxEnabled":true},"in2DMode":false,"pivot":{"x":-0.48104655742645266,"y":-0.12758857011795045,"z":0.8498197793960571},"rotation":{"x":0.15235567092895509,"y":-0.7444069385528565,"z":0.1816939413547516,"w":0.6242063641548157},"size":0.6195696592330933,"orthographic":false}