{"cameraMode":{"drawMode":0,"name":"Shaded","section":"Shading Mode"},"sceneLighting":true,"audioPlay":false,"sceneViewState":{"m_AlwaysRefresh":false,"showFog":true,"showSkybox":true,"showFlares":true,"showImageEffects":true,"showParticleSystems":true,"showVisualEffectGraphs":true,"m_FxEnabled":true},"in2DMode":false,"pivot":{"x":-1.5154999494552613,"y":-0.20499999821186067,"z":-2.430999994277954},"rotation":{"x":-0.06799852848052979,"y":0.4683483839035034,"z":0.036182161420583728,"w":0.8801807761192322},"size":2.8756394386291506,"orthographic":false}