{"cameraMode":{"drawMode":0,"name":"Shaded","section":"Shading Mode"},"sceneLighting":true,"audioPlay":false,"sceneViewState":{"m_AlwaysRefresh":false,"showFog":true,"showSkybox":true,"showFlares":true,"showImageEffects":true,"showParticleSystems":true,"showVisualEffectGraphs":true,"m_FxEnabled":true},"in2DMode":false,"pivot":{"x":0.09420222043991089,"y":-0.03223418444395065,"z":0.0363755077123642},"rotation":{"x":0.15235567092895509,"y":-0.7444069385528565,"z":0.1816939413547516,"w":0.6242063641548157},"size":0.4484676122665405,"orthographic":false}