{"cameraMode":{"drawMode":0,"name":"Shaded","section":"Shading Mode"},"sceneLighting":true,"audioPlay":false,"sceneViewState":{"m_AlwaysRefresh":false,"showFog":true,"showSkybox":true,"showFlares":true,"showImageEffects":true,"showParticleSystems":true,"showVisualEffectGraphs":true,"m_FxEnabled":true},"in2DMode":false,"pivot":{"x":1.828209400177002,"y":1.2910171747207642,"z":-2.809563159942627},"rotation":{"x":0.0018856825772672892,"y":-0.6178442239761353,"z":0.0014815150061622263,"w":0.7862978577613831},"size":0.8751940131187439,"orthographic":false}