{"cameraMode":{"drawMode":0,"name":"Shaded","section":"Shading Mode"},"sceneLighting":true,"audioPlay":false,"sceneViewState":{"m_AlwaysRefresh":false,"showFog":true,"showSkybox":true,"showFlares":true,"showImageEffects":true,"showParticleSystems":true,"showVisualEffectGraphs":true,"m_FxEnabled":true},"in2DMode":false,"pivot":{"x":-3.6279070377349855,"y":-0.7342334985733032,"z":-4.37192440032959},"rotation":{"x":0.04463639855384827,"y":-0.3349953889846802,"z":0.015889987349510194,"w":0.9410280585289002},"size":0.030054273083806039,"orthographic":false}