{"cameraMode":{"drawMode":0,"name":"Shaded","section":"Shading Mode"},"sceneLighting":true,"audioPlay":false,"sceneViewState":{"m_AlwaysRefresh":false,"showFog":true,"showSkybox":true,"showFlares":true,"showImageEffects":true,"showParticleSystems":true,"showVisualEffectGraphs":true,"m_FxEnabled":true},"in2DMode":false,"pivot":{"x":-0.006000012159347534,"y":0.17929846048355103,"z":0.7300000190734863},"rotation":{"x":-0.06799852848052979,"y":0.4683483839035034,"z":0.036182161420583728,"w":0.8801807761192322},"size":0.42692986130714419,"orthographic":false}