{"cameraMode":{"drawMode":0,"name":"Shaded","section":"Shading Mode"},"sceneLighting":true,"audioPlay":false,"sceneViewState":{"m_AlwaysRefresh":false,"showFog":true,"showSkybox":true,"showFlares":true,"showImageEffects":true,"showParticleSystems":true,"showVisualEffectGraphs":true,"m_FxEnabled":true},"in2DMode":false,"pivot":{"x":0.0006000027060508728,"y":-0.07859999686479569,"z":0.6000000238418579},"rotation":{"x":-0.27103179693222048,"y":0.352230042219162,"z":-0.107342429459095,"w":-0.8893557190895081},"size":0.12649109959602357,"orthographic":false}