{"cameraMode":{"drawMode":0,"name":"Shaded","section":"Shading Mode"},"sceneLighting":true,"audioPlay":false,"sceneViewState":{"m_AlwaysRefresh":false,"showFog":true,"showSkybox":true,"showFlares":true,"showImageEffects":true,"showParticleSystems":true,"showVisualEffectGraphs":true,"m_FxEnabled":true},"in2DMode":false,"pivot":{"x":0.25700560212135317,"y":0.13813233375549317,"z":0.8940960168838501},"rotation":{"x":0.054837826639413837,"y":-0.38228628039360049,"z":0.022733744233846666,"w":0.9221358895301819},"size":0.6552056074142456,"orthographic":false}